Pclass,Sex,Age,SibSp,Parch,Fare,Embarked
1,1,38,0,0,80,0
1,0,45,1,0,83.475,0
3,0,4,3,2,27.9,0
1,0,29.69911764705882,0,0,27.7208,1
3,0,29.69911764705882,1,1,15.2458,1
2,1,29,0,0,10.5,0
3,0,19,0,0,8.1583,0
3,1,17,4,2,7.925,0
3,0,26,2,0,8.6625,0
2,0,32,0,0,10.5,0
